SecSt,ASA_pct,delta_MW,delta_Chg,delta_ARM,delta_Hydro,delta_VdwV,delta_SASA,ddG_calc,ddGC
4,0,14,0,0,0.091,20,22,1.893,unstable
1,75.2,55,1,0,-0.45,55,94,0.214,neutral
3,28.48,-44,0,0,0.051,-45,-92,1.411,unstable
3,89.51,-16,0,0,0.257,-6,-13,0.049,neutral
2,36.56,32,0,0,-0.087,19,43,1.238,unstable
3,80.7,-57,-1,0,0.333,-68,-100,0.034,neutral
1,10.7,0,0,0,0,0,-3,0.041,neutral
3,8.33,-44,1,0,0.588,-24,-39,-0.384,unstable
3,53.62,14,0,0,0.115,19,57,2.138,unstable
2,22.42,-76,0,-1,-0.384,-68,-108,5.129,unstable
1,6.55,-16,0,0,0.12,-6,-12,0.326,stable
1,20.3,2,0,0,-0.375,-12,-15,0.735,neutral
1,0.25,-60,0,0,-0.122,-57,-93,2.765,unstable
3,21.73,14,0,0,0.115,19,57,9.724,unstable
3,0.54,-42,0,0,-0.327,-57,-73,3.538,unstable
1,68.87,26,0,0,0.095,23,38,-0.717,neutral
2,9.08,-35,0,-1,-0.629,-27,-43,3.275,unstable
3,51.77,13,0,0,-0.214,3,11,0.749,unstable
4,64.7,26,0,0,0.095,23,38,-0.782,neutral
1,74.55,49,-0.5,1,0.713,45,66,-1.897,unstable
2,4.88,16,0,0,-0.12,6,12,0.516,neutral
3,31.31,-85,-1,0,0.616,-81,-129,0.978,neutral
1,16.66,23,0,0.5,-0.002,22,30,0.123,stable
4,50.89,-27,0,0,0.123,-23,-33,-0.636,neutral
3,28.48,14,-1,0,-0.422,-2,4,1.659,neutral
1,27.13,-16,0,0,0.257,-6,-13,0.259,unstable
1,18.3,-16,0,0,0.12,-6,-12,-0.393,neutral
1,27.91,-28,0,0,-0.209,-38,-50,2.071,unstable
1,0.44,2,-1,0,-0.915,-33,-31,6.417,unstable
2,21.25,-42,0,0,-0.327,-57,-70,3.057,unstable
1,51.51,1,-1,0,-0.208,-5,-6,1.464,neutral
2,40.94,-44,1,0,0.588,-24,-39,2.448,unstable
2,20.73,-92,0,-1,-0.264,-74,-120,5.813,unstable
3,51.77,14,-1,0,-0.422,-2,4,1.402,unstable
2,8.61,-1,1,0,0.208,5,7,-2.001,stable
4,106.66,-16,0,0,0.257,-6,-13,0.58,neutral
1,0,2,0,0,-0.375,-12,-15,0.689,unstable
3,25.63,-42,0,0,-0.324,-57,-107,3.964,unstable
2,0.4,-58,1,0,0.573,-42,-71,-1.462,neutral
1,48.2,-72,1,0,0.458,-61,-128,2.415,unstable
2,0.4,-16,1,0,0.9,15,2,-1.183,neutral
1,30.74,-19,-0.5,0.5,0.165,-30,-45,3.47,unstable
2,0.4,-26,0.5,0,0.637,-23,-34,0.197,neutral
1,56.4,-9,0.5,-0.5,0.118,17,16,1.161,unstable
4,0.43,-42,0,0,-0.327,-57,-73,2.713,unstable
1,10.7,50,0,1,-0.063,17,47,7.079,unstable
3,26.79,-1,2,0,0.24,26,29,-0.312,stable
1,66.87,15,-1,0,-0.193,13,25,-0.135,neutral
3,23.63,30,0,0,-0.142,25,70,4.708,unstable
4,8.1,-16,0,0,0.12,-6,-12,-0.341,neutral
3,33.77,14,0,0,0.118,19,23,5.81,unstable
3,34.05,-42,0,0,-0.327,-57,-73,2.899,unstable
3,53.71,14,-1,0,-0.422,-2,4,2.114,neutral
1,50.81,30,-1,0,-0.782,4,21,-0.101,unstable
1,4.83,14,0,0,0.115,19,57,-1.389,neutral
3,56.4,-9,-0.5,-0.5,0.086,-4,-7,1.109,unstable
3,48.92,14,0,0,0.115,19,57,4.884,unstable
1,0,42,0,0,0.327,57,70,-1.978,stable
1,38,-42,0,0,-0.327,-57,-73,1.807,neutral
2,59.46,-57,-1,0,0.333,-68,-100,0.87,neutral
2,2.61,-26,0,0,-0.095,-23,-38,2.156,unstable
2,7.94,57,1,0,-0.825,43,79,2.345,unstable
1,22.96,28,1,0,-0.251,34,52,-2.874,unstable
4,4.01,26,-0.5,0.5,0.715,23,36,-2.595,neutral
4,41.23,-57,-1,0,0.333,-68,-100,1.157,neutral
2,41.9,-58,1,0,0.573,-42,-71,0.287,neutral
4,87.44,48,1,1,0.852,50,81,-1.132,neutral
3,65.72,-1,1,0,0.208,5,7,-0.556,neutral
1,55.44,57,0,0,-0.365,47,77,-0.333,neutral
1,22.79,-73,0,-1.5,0.065,-39,-80,4.707,unstable
1,0,14,0,0,0.091,20,22,0.355,unstable
4,50.2,-58,1,0,0.573,-42,-71,0.15,neutral
4,77.17,-26,0,0,-0.095,-23,-38,1.272,unstable
3,56.4,-22,-1.5,-0.5,-0.137,-27,-45,2.409,unstable
2,35.59,14,1,0,0.047,39,54,1.05,unstable
3,105.6,-2,-1,0,-0.695,-15,-22,0.014,stable
2,32.05,-58,1,0,0.573,-42,-71,-0.318,neutral
2,36.56,-28,0,0,-0.209,-38,-50,2.478,unstable
4,75.33,-42,1,0,0.316,-36,-58,-0.743,neutral
3,43.86,-1,1,0,0.208,5,7,-0.42,unstable
1,2.45,-30,0,0,0.166,-26,-35,-2.96,unstable
4,41.55,-30,0,0,0.142,-25,-70,0.5,neutral
3,48.92,44,0,0,-0.051,45,92,8.05,unstable
3,0.85,-2,0.5,0,-0.23,7,-2,-2.218,stable
2,16.94,-15,1,0,0.193,-13,-25,0,unstable
2,1.01,-2,0,0,0.375,12,15,2.047,unstable
2,35.59,1,-1,0,-0.208,-5,-7,0.212,neutral
2,7.72,16,0,0,-0.12,6,12,-0.024,neutral
2,44.83,-32,0,0,0.087,-19,-43,-1.63,stable
2,44.88,-1,2,0,0.24,26,29,-0.59,stable
1,84.21,13,0,0,-0.214,3,11,0.048,neutral
2,5.53,14,0,0,0.118,19,20,1.186,unstable
2,45.68,-1,1,0,0.208,5,6,-0.478,neutral
3,58.4,-57,0,0,0.365,-47,-77,0.304,stable
2,0,72,-1,0,-0.458,61,128,8.472,neutral
4,87.44,71,1,1.5,0.85,72,111,-0.733,neutral
1,20.65,14,0,0,0.091,20,22,-0.347,neutral
2,0.4,39,0,0.5,-0.122,28,42,-2.309,neutral
4,15.92,-43,0,0,0.38,-29,-46,2.446,unstable
1,32.96,-71,-1,0,0.218,-87,-157,1.331,neutral
3,90.52,-57,-1,0,0.333,-68,-100,0.931,neutral
3,41.17,-30,0,0,0.166,-26,-35,-0.155,neutral
4,33.95,-43,0,0,0.38,-29,-46,0.207,unstable
1,52.02,9,-0.5,0.5,-0.118,-17,-16,0.235,neutral
2,26.54,-56,0,0,-0.442,-76,-130,4.762,unstable
1,30.46,-16,0,0,0.257,-6,-13,0.461,unstable
4,31.22,-43,0,0,0.38,-29,-46,2.255,neutral
3,34.7,-43,0,0,0.38,-29,-46,3.665,unstable
3,51.77,-2,0,0,0.375,12,15,2.375,unstable
2,48.71,1,-2,0,-0.24,-26,-29,0.113,unstable
3,69.03,1,-2,0,-0.24,-26,-29,0.322,neutral
2,2.43,-10,-0.5,0,-0.263,-38,-36,5.8,unstable
3,80.52,-76,0,-1,-0.384,-68,-108,1.188,neutral
1,47.88,-18,1,0,0.683,-1,-1,5.409,unstable
1,83.76,16,0,0,-0.257,6,13,0.609,neutral
1,54.2,-58,1,0,0.473,-43,-96,1.605,unstable
1,0,-42,0,0,-0.327,-57,-70,5.059,unstable
4,64.89,14,1,0,0.047,39,54,0.381,unstable
1,56.77,-57,0,0,0.365,-47,-77,0.358,neutral
2,60.57,-42,0,0,-0.327,-57,-70,0.77,neutral
2,24.59,-14,0,0,-0.091,-20,-22,-0.041,unstable
1,66.87,1,-1,0,-0.208,-5,-7,-0.075,neutral
1,66.98,-16,0,0,0.257,-6,-13,-0.285,neutral
4,0.94,-30,0,0,0.166,-26,-35,1.549,unstable
2,0.4,-1,1,0,0.208,5,6,-1.815,neutral
3,63.01,-85,-1,0,0.616,-81,-129,-0.098,neutral
1,0,14,0,0,0.118,19,23,-0.475,neutral
2,18.27,-14,0,0,-0.118,-19,-23,2.223,unstable
4,0,-18,0,0,0.205,0,-23,2.718,unstable
2,0,-14,0,0,-0.118,-19,-23,2.233,unstable
1,57.35,-12,0,0,-0.493,-31,-38,1.191,unstable
2,68.05,4,-0.5,0,-0.145,-19,-13,3,unstable
2,0,-42,0,0,-0.327,-57,-73,3.881,unstable
3,28.22,-16,0,0,0.12,-6,-12,-0.578,neutral
3,15.81,-25,-1,0,0.738,-24,-36,-1.309,unstable
4,62.84,-22,-1.5,-0.5,-0.137,-27,-45,0.966,unstable
1,83.76,42,0,0,0.327,57,70,-0.586,neutral
1,0,-18,0,0,0.205,0,-20,2.698,unstable
3,63.24,0,0,0,0,0,3,1.228,unstable
1,31.56,26,-0.5,0.5,0.715,23,36,-0.542,stable
1,22.13,-14,0,0,-0.091,-20,-22,-0.029,neutral
2,39.42,-58,1,0,0.473,-43,-96,-0.907,unstable
2,15.35,2,0,0,-0.375,-12,-15,1.948,unstable
3,76.23,23,0,0.5,-0.002,22,30,0.451,neutral
1,55.08,-14,0,0,-0.115,-19,-57,0.681,unstable
1,0,-44,0,0,0.051,-45,-92,3.7,unstable
3,2.5,-44,1,0,0.588,-24,-39,0.793,unstable
2,38.92,-1,1,0,0.208,5,6,-0.835,unstable
1,67.72,43,1,0,-0.943,24,59,2.7,neutral
2,5.53,2,0,0,-0.375,-12,-15,1.908,unstable
4,72.18,-1,2,0,0.24,26,29,-0.151,neutral
3,36.59,-92,0,-1,-0.264,-74,-120,3.38,unstable
1,39.03,-57,0,0,0.365,-47,-77,0.992,neutral
3,105.6,-16,-1,0,-0.71,-33,-54,-0.483,stable
2,32.63,16,0,0,0.232,34,32,-5.333,stable
1,39.38,-13,-2,0,-0.255,-44,-61,0.747,unstable
2,40.34,2,0,0,-0.375,-12,-15,1.385,neutral
1,77.72,14,0,0,0.015,18,32,-0.131,neutral
2,48.71,0,-1,0,-0.032,-21,-23,-0.732,unstable
2,36.51,-99,-1,0,0.501,-100,-186,3.799,unstable
3,28.67,-16,0,0,0.257,-6,-13,-0.458,neutral
3,81.8,-1,2,0,0.24,26,29,-0.386,neutral
3,76.23,-16,0,0,0.12,-6,-12,0.103,neutral
2,7.94,-28,0,0,-0.209,-38,-50,3.803,neutral
2,0,-56,0,0,-0.442,-76,-130,7.259,unstable
3,6.13,-60,0,-1,-0.641,-62,-95,6.073,unstable
4,69.57,1,-2,0,-0.24,-26,-29,0.234,neutral
4,11.68,1,-1,0,-0.208,-5,-7,2.858,unstable
3,76.23,-35,0,-1,-0.629,-27,-43,-0.261,stable
1,56.77,-41,0,0,0.108,-41,-64,1.28,neutral
2,31.08,-1,2,0,0.24,26,29,-0.707,neutral
4,87.44,14,0,0,0.015,18,32,-0.107,stable
2,22.42,-34,0,-1,-0.057,-11,-38,2.714,unstable
1,10.7,-14,0,0,-0.118,-19,-23,1.262,neutral
4,13.01,29,1,0,-0.542,30,50,1.136,unstable
1,1.58,-39,0,-0.5,0.122,-28,-42,4.666,unstable
1,10.7,-26,0,0,-0.584,-51,-60,3.409,unstable
2,5.53,4,-0.5,0,-0.145,-19,-13,4.861,unstable
3,2.5,-58,1,0,0.473,-43,-96,1.112,unstable
2,0,42,0,0,0.324,57,107,6.752,neutral
4,87.44,-18,1,0,0.683,-1,-1,12.701,unstable
2,44.38,-32,0,0,0.087,-19,-43,-3.85,neutral
3,28.67,-30,0,0,0.142,-25,-70,0.457,neutral
2,67.29,-28,0,0,0.283,-13,-29,-0.853,neutral
1,35.77,16,0,0,-0.12,6,12,0.28,neutral
3,27.2,-56,0,0,-0.442,-76,-127,3.824,unstable
1,9.92,-34,0,-1,-0.057,-11,-38,2.245,unstable
2,42.36,-1,2,0,0.24,26,29,-0.019,unstable
2,32.27,-28,0,0,-0.209,-38,-50,1.855,unstable
2,23.84,-43,0,0,0.38,-29,-46,2.007,unstable
2,36.34,-36,-0.5,-0.5,0.285,-25,-49,-0.012,neutral
2,1.65,14,0,0,0.115,19,57,5.978,unstable
2,6.32,-16,0,0,0.12,-6,-12,1.635,neutral
1,64.17,9,-0.5,0.5,-0.118,-17,-16,-0.06,neutral
4,106.66,-30,0,0,0.142,-25,-70,-1.556,neutral
4,62.11,-1,2,0,0.24,26,29,-0.186,neutral
2,68.05,2,0,0,-0.375,-12,-15,0.662,unstable
1,44.48,-71,-1,0,0.218,-87,-157,0.995,unstable
2,0,-14,0,0,-0.118,-19,-23,1.54,neutral
2,2.43,34,0,1,0.057,11,35,3.203,unstable
2,0.49,-14,0,0,-0.118,-19,-20,2.861,neutral
1,0.43,28,-1,0,-0.331,18,26,3.07,unstable
3,35,28,0,0,-0.283,13,29,0.306,neutral
3,36.61,1,-2,0,-0.24,-26,-29,1.936,neutral
2,17.19,-76,0,-1,-0.384,-68,-108,5.048,unstable
2,0,-42,0,0,-0.327,-57,-70,4.688,unstable
1,26.79,-58,1,0,0.573,-42,-71,-0.157,unstable
4,48.09,-2,0,0,0.375,12,15,0.036,neutral
2,44.88,27,2,0,-0.043,39,58,-0.23,stable
2,43.15,73,0,1.5,-0.065,39,80,-2.055,stable
1,46.53,-14,0,0,-0.118,-19,-20,0.89,unstable
4,59.42,-1,1,0,0.208,5,6,-0.214,neutral
2,0,-42,0,0,-0.327,-57,-73,6.167,unstable
1,44.48,28,0,0,-0.283,13,29,-0.114,neutral
2,2.24,-2,0,0,0.375,12,15,0.019,unstable
1,22.79,-49,0.5,-1,-0.713,-45,-66,1.573,neutral
1,39.03,-71,0,0,0.25,-66,-134,2.425,unstable
4,47.27,-16,0,0,0.257,-6,-13,0.607,unstable
2,37.2,-16,0,0,0.257,-6,-13,-0.68,neutral
1,5.38,39,0,0.5,-0.122,28,42,0.652,neutral
2,31.39,-48,0,-1,-0.175,-30,-58,3.464,unstable
2,15.35,4,-0.5,0,-0.145,-19,-13,4.526,unstable
3,0.13,42,0,0,0.324,57,107,-1.273,neutral
3,54.51,14,0,0,0.115,19,57,18.485,neutral
1,10.7,34,0,1,0.057,11,35,4.144,unstable
2,34.42,-1,1,0,0.208,5,7,-0.71,unstable
2,36.39,-57,0,0,0.365,-47,-77,1.999,unstable
3,64.7,-39,0,-0.5,0.122,-28,-42,1.156,neutral
1,5.49,-23,0,-0.5,0.002,-22,-30,0.736,unstable
2,45.84,-15,-1,0,0.66,-11,-27,-1.588,stable
1,7.8,26,0,0,0.095,23,38,10.796,unstable
3,8.33,-1,1,0,0.208,5,7,-1.124,unstable
4,51.84,-9,-0.5,-0.5,0.086,-4,-7,0.722,neutral
4,70.75,-26,0,0,-0.095,-23,-38,0.692,neutral
1,67.13,-71,0,0,0.25,-66,-134,1.05,neutral
1,10.48,-39,0,-0.5,0.122,-28,-42,1.956,unstable
4,9.29,-43,0,0,0.38,-29,-46,-1.54,unstable
2,7.87,-28,0,0,-0.209,-38,-50,2.858,unstable
4,13.01,29,0,0,-0.574,9,27,0.66,unstable
4,28.52,22,1.5,0.5,0.137,27,45,-1.282,unstable
1,0.43,76,0,1,0.521,68,107,22.055,unstable
2,5.53,48,0,1,0.175,30,58,1.392,unstable
3,0.85,-16,0.5,0,-0.321,-13,-24,-0.154,stable
3,39.07,13,2,0,0.255,44,61,-0.287,unstable
1,23.33,-57,-1,0,0.333,-68,-100,1.71,unstable
4,15.92,1,-1,0,-0.208,-5,-7,3.514,neutral
2,38.69,-15,0,0,0.692,10,-7,-1.34,neutral
4,0,-28,0,0,-0.209,-38,-50,-0.495,neutral
3,63.24,-10,-0.5,0,-0.263,-38,-33,3.546,unstable
2,21.25,0,0,0,0,0,3,0.722,neutral
4,87.44,-14,1,0,0.422,2,-4,3.059,neutral
3,29.13,-28,-1,0,0.251,-34,-52,0.722,unstable
1,27.13,27,0,0,-0.123,23,33,-0.589,neutral
3,0.5,-19,1,-1,-0.717,0,-8,10.791,unstable
3,42.29,28,0,0,-0.283,13,29,0.74,neutral
1,47.16,1,-2,0,-0.24,-26,-29,1.179,unstable
1,32.89,-39,0,-0.5,0.122,-28,-42,2.619,unstable
4,0.43,18,0,0,-0.205,0,20,1.207,unstable
3,15.76,30,0,0,-0.142,25,70,1.801,unstable
3,75.94,19,-1,1,0.717,0,8,-2.22,stable
2,0.4,-32,1,0,0.668,-19,-33,16.811,neutral
3,65.72,13,1,0,0.223,23,38,-4.364,neutral
2,22.36,42,0,0,0.324,57,107,10.028,unstable
2,0,0,0,0,0,0,-3,-0.506,neutral
4,86.68,41,2,0,-0.028,57,90,-4.71,neutral
1,83.76,115,0,1.5,0.262,96,150,-1.249,unstable
4,55.59,-16,0,0,0.12,-6,-12,0.375,stable
3,56.4,19,0.5,-0.5,-0.165,30,45,1.412,unstable
1,22.79,-23,0,-0.5,0.002,-22,-30,-0.084,unstable
1,24.57,26,-0.5,0.5,0.715,23,36,-1.311,neutral
2,8.61,71,1,1.5,0.85,72,111,-4.405,stable
2,20.73,-50,0,-1,0.063,-17,-50,3.805,unstable
2,3.89,27,0,0,-0.199,21,42,-0.599,unstable
3,78.78,30,0,0,-0.142,25,70,-0.482,neutral
3,53.71,-4,0,0,0.261,-3,3,8.733,unstable
1,30.57,-58,1,0,0.573,-42,-71,-0.637,neutral
4,0.07,-16,0.5,0,-0.321,-13,-24,-1.854,unstable
1,0,-60,0,0,-0.122,-57,-93,2.861,unstable
2,36.11,2,0,0,-0.375,-12,-15,0.852,unstable
2,0,-42,0,0,-0.327,-57,-73,2.274,unstable
2,61.38,-26,0,0,-0.095,-23,-38,0.891,neutral
1,36.09,-16,0,0,0.257,-6,-13,-0.143,neutral
2,44.83,-60,0,0,-0.122,-57,-93,1.513,unstable
2,32.27,14,0,0,0.118,19,20,0.735,unstable
2,24.41,57,1,0,-0.333,68,100,-0.997,stable
1,47.78,-26,0,0,-0.095,-23,-38,1.581,unstable
3,105.6,-74,0,0,-0.237,-76,-150,0.379,neutral
2,0,30,0,0,-0.142,25,70,-0.969,neutral
3,47.44,-30,0,0,0.166,-26,-35,1.452,neutral
2,5.53,32,0,0,-0.087,19,43,-0.151,unstable
1,0,34,0,1,0.057,11,35,1.696,unstable
2,36.56,48,0,1,0.175,30,58,-0.432,unstable
2,22.53,42,-1,0,-0.316,36,58,1.751,neutral
2,7.94,64,0,1,0.055,36,70,5.635,unstable
1,3.64,14,0,0,0.118,19,23,-0.58,neutral
4,0.43,0,0,0,0,0,-3,0.408,neutral
1,27.9,-76,0,-1,-0.384,-68,-108,3.598,unstable
4,101.22,-14,-1,0,-0.047,-39,-54,0.265,neutral
3,19.18,-14,0,0,-0.091,-20,-22,1.343,neutral
1,1.03,-14,0,0,-0.118,-19,-23,0.599,unstable
3,24.01,-2,0,0,0.375,12,15,-1.48,unstable
2,0,-28,0,0,-0.209,-38,-50,4.794,unstable
4,50.18,-26,0,0,-0.095,-23,-38,1.563,unstable
4,50.14,-66,-0.5,-0.5,0.451,-51,-84,1.232,neutral
2,0,-14,0,0,-0.118,-19,-20,2.037,neutral
1,0.13,14,0,0,0.118,19,20,-0.389,neutral
2,7.94,4,-0.5,0,-0.145,-19,-13,5.35,neutral
1,10.7,-12,0,0,-0.493,-31,-38,2.649,unstable
1,10.7,-56,0,0,-0.442,-76,-130,5.074,unstable
2,50.68,2,0,0,-0.375,-12,-15,0.506,unstable
2,43.15,43,1,0,-0.943,24,59,1.567,unstable
2,22.42,16,0,0,-0.12,6,12,-0.083,neutral
2,44.83,-18,0,0,0.205,0,-20,-1.308,stable
2,13.84,-2,0,0,0.375,12,15,-1.566,neutral
3,69.52,25,1,0,-0.738,24,36,1.542,stable
4,0.43,-12,0,0,-0.493,-31,-38,3.709,unstable
1,0,-2,0,0,0.375,12,15,-1.637,stable
1,11.58,-42,0,0,-0.324,-57,-107,5.292,unstable
3,102.24,-57,-1,0,0.333,-68,-100,0.178,neutral
1,0,-28,0,0,-0.209,-38,-50,2.168,unstable
2,4.92,-12,0,0,-0.493,-31,-35,4.284,unstable
1,31.56,-50,-0.5,-0.5,0.194,-45,-71,-0.436,stable
4,62.31,-28,-1,0,0.251,-34,-52,-1.6,neutral
2,2.36,-44,1,0,0.588,-24,-39,0.536,unstable
2,44.83,-28,-0.5,0,-0.058,-38,-56,2.439,neutral
4,24.71,-58,1,0,0.473,-43,-96,3.433,unstable
3,8.47,-90,0,-1,-0.499,-87,-165,7.028,unstable
3,53.71,-14,0,0,-0.091,-20,-22,0.279,neutral
2,89.29,28,0,0,0.209,38,50,0.579,neutral
1,0.25,-32,0,0,0.087,-19,-43,2.919,unstable
4,11.68,-43,0,0,0.38,-29,-46,2.678,unstable
3,48.92,99,1,0,-0.501,100,186,3.84,unstable
3,4.81,-42,0,0,-0.327,-57,-70,4.234,unstable
2,6.5,23,0,0.5,-0.002,22,30,1.311,neutral
3,94.49,-42,0,0,-0.327,-57,-73,0.718,neutral
1,61,-58,1,0,0.473,-43,-96,0.788,unstable
1,27,14,0,0,0.118,19,23,-2.445,neutral
1,26.35,-92,0,-1,-0.264,-74,-120,6.18,unstable
2,40.7,-42,0,0,-0.327,-57,-73,4.381,unstable
2,52.65,19,-1,1,0.717,0,8,-1.457,stable
1,0,28,0,0,0.209,38,50,6.88,stable
2,22.36,14,0,0,0.115,19,57,3.506,unstable
3,28.48,-2,0,0,0.375,12,15,2.125,unstable
3,53.71,27,0,0,-0.199,21,42,-0.379,unstable
1,11.48,-1,0,0,0.707,28,27,-4.146,stable
3,25.63,2,0,0,-0.375,-12,-15,1.445,neutral
2,32.27,2,0,0,-0.375,-12,-15,1.949,unstable
2,0.33,14,0,0,0.118,19,23,1.293,neutral
2,0.11,-14,0,0,-0.118,-19,-23,1.959,unstable
1,79.39,-1,2,0,0.24,26,29,-1.041,neutral
3,53.71,-44,0,0,0.051,-45,-92,1.639,unstable
2,67.29,-85,-1,0,0.616,-81,-129,0.574,unstable
2,0,-76,0,-1,-0.521,-68,-107,9.496,unstable
1,73.04,36,0.5,0.5,-0.285,25,49,-0.565,unstable
1,43.23,-19,-0.5,0.5,0.165,-30,-45,-0.932,unstable
2,4.92,-10,-0.5,0,-0.263,-38,-33,5.951,unstable
4,11.45,-44,1,0,0.588,-24,-39,0.492,unstable
4,87.44,32,1,1,0.972,44,69,-1.037,neutral
2,38.32,-7,1,-1,-0.88,7,9,4.771,neutral
2,36.56,14,0,0,0.118,19,20,-0.159,unstable
4,0.29,-30,0,0,0.166,-26,-35,0.112,unstable
4,46.31,-43,0,0,0.38,-29,-46,0.398,neutral
1,66.87,23,0.5,0.5,-0.071,22,38,1.033,neutral
2,45.84,1,-2,0,-0.24,-26,-29,0.833,unstable
1,48.08,-1,1,0,0.208,5,6,-0.245,neutral
3,65.72,41,2,0,-0.028,57,90,-0.93,neutral
2,0.4,34,1,1,0.837,32,49,-3.825,neutral
1,50.06,-31,0,0,0.46,-24,-39,6.616,unstable
3,28.48,27,0,0,-0.199,21,42,-0.064,unstable
2,0.61,1,-1,0,-0.208,-5,-7,0.587,unstable
3,63.24,-14,0,0,-0.118,-19,-20,0.642,unstable
2,44.83,16,0,1,0.262,11,15,-1.24,neutral
3,80.13,-85,-1,0,0.616,-81,-129,0.887,neutral
2,40.27,-28,0,0,-0.209,-38,-50,2.567,unstable
1,50.72,-15,1,0,0.193,-13,-25,0.92,unstable
2,17.19,-48,0,-1,-0.175,-30,-58,5.147,unstable
3,105.6,-18,0,0,0.205,0,-23,-0.563,neutral
3,64.7,-115,0,-1.5,-0.262,-96,-150,1.665,neutral
1,0,12,0,0,0.493,31,38,-3.513,stable
2,44.88,-1,1,0,0.208,5,6,-0.741,stable
1,83.76,32,-0.5,0,0.064,19,37,2.595,unstable
2,6.7,-58,1,0,0.573,-42,-71,-1.817,unstable
2,9.23,-39,0,-0.5,0.122,-28,-42,3.181,unstable
2,0.4,-1,2,0,0.24,26,29,0.309,neutral
2,21.25,-14,0,0,-0.118,-19,-20,1.445,neutral
4,72.93,38,0.5,0.5,-0.66,13,34,-0.635,unstable
2,37.46,-16,0,0,0.257,-6,-13,1.612,unstable
3,53.71,-30,0,0,0.166,-26,-35,1.219,unstable
3,10.76,-42,0,0,-0.327,-57,-73,4.109,unstable
4,72.01,-16,0,0,0.257,-6,-13,0.37,unstable
2,2.76,-16,0,0,0.12,-6,-12,0.874,unstable
1,0.43,-16,0,0,0.257,-6,-13,-1.479,neutral
3,40.02,-14,0,0,-0.115,-19,-57,1.096,unstable
2,44.83,-18,0,0,0.205,0,-23,-0.4,unstable
2,0.11,-42,0,0,-0.327,-57,-73,3.995,unstable
2,0,-42,0,0,-0.327,-57,-70,5.283,unstable
3,105.6,-3,1,0,-0.455,11,7,-0.267,neutral
1,52.56,-2,0,0,0.375,12,15,-1.97,neutral
3,14.69,-43,0,0,0.38,-29,-46,0.321,unstable
1,57.85,-16,0,0,0.257,-6,-13,-0.923,neutral
1,46.59,43,1,0,-0.943,24,59,0.786,neutral
2,65.71,4,-0.5,0,-0.145,-19,-13,3.434,neutral
2,0.4,2,1,0,0.695,15,22,-3.159,neutral
2,0,-42,0,0,-0.327,-57,-70,5.541,neutral
1,14.35,-40,-0.5,-0.5,0.546,-28,-46,0.153,stable
1,56.62,-16,0,0,0.12,-6,-12,0.22,neutral
1,56.62,-92,0,-1,-0.264,-74,-120,4.046,unstable
4,50.76,-44,0,0,0.051,-45,-92,2.058,unstable
2,11.58,-10,-0.5,0,-0.263,-38,-33,5.346,unstable
2,6.69,-92,0,-1,-0.264,-74,-120,4.696,unstable
3,48.92,58,-1,0,-0.473,43,96,4.637,unstable
1,36.12,-30,0,0,0.166,-26,-35,-0.087,neutral
4,21.44,-16,0.5,0,-0.321,-13,-24,-0.756,neutral
2,51.89,-56,0,0,-0.442,-76,-130,2.179,unstable
1,66.98,42,-1,0,-0.316,36,58,-0.196,neutral
3,48.7,-43,0,0,0.38,-29,-46,2.695,unstable
3,61.22,16,-1,0,-0.9,-15,1,1.915,unstable
2,7.94,-12,0,0,-0.466,-32,-37,4.928,unstable
2,67.29,-27,-2,0,0.043,-39,-58,0.756,unstable
2,3.93,-14,0,0,-0.118,-19,-20,7.299,unstable
3,65.72,13,2,0,0.255,44,61,-0.842,neutral
3,70.44,-85,-1,0,0.616,-81,-129,0.685,neutral
2,7.94,38,0.5,0.5,-0.66,13,34,7.197,unstable
1,31.99,13,2,0,0.255,44,61,-0.983,neutral
1,38.63,-15,0,0,0.692,10,-4,-0.475,stable
2,11.58,-12,0,0,-0.493,-31,-35,2.781,unstable
3,8.47,-76,0,-1,-0.384,-68,-108,5.236,unstable
3,51.77,-30,0,0,0.166,-26,-35,0.413,unstable
1,0,-42,0,0,-0.327,-57,-70,4.022,unstable
2,8.61,32,1,1,0.972,44,69,-6.205,stable
2,0.07,-14,0,0,-0.091,-20,-22,-0.025,neutral
2,40.7,-12,0,0,-0.493,-31,-38,3.496,unstable
3,40.27,-28,0,0,-0.209,-38,-50,2.265,unstable
2,0.15,39,0,0.5,-0.122,28,42,-0.415,neutral
1,24.57,-66,-0.5,-0.5,0.451,-51,-84,2.674,unstable
3,53.71,28,-1,0,-0.407,16,36,1.423,neutral
4,33.95,-27,0,0,0.123,-23,-33,1.086,unstable
2,31.07,-16,0,0,0.12,-6,-12,0.369,neutral
2,16.94,18,1,1,0.957,26,37,-5.005,stable
3,9.53,42,0,0,0.324,57,107,7.899,unstable
4,83.83,13,2,0,0.255,44,61,-0.346,neutral
3,10.76,-14,0,0,-0.118,-19,-23,1.45,unstable
2,25.36,16,0,0,-0.12,6,12,-0.11,neutral
2,0.94,-16,0,0,0.257,-6,-13,0.806,unstable
3,82.85,28,-1,0,-0.331,18,26,0.416,neutral
2,68.05,-2,0,0,-0.114,-15,-12,0.612,unstable
4,72.93,64,0,1,0.055,36,70,-1.203,unstable
4,16.73,-43,0,0,0.38,-29,-46,1.167,neutral
3,17.05,-26,0,0,-0.095,-23,-38,2.178,unstable
4,95.37,-85,-1,0,0.616,-81,-129,-0.381,neutral
1,55.44,16,0,0,-0.257,6,13,0.461,neutral
3,7.44,-14,0,0,-0.115,-19,-57,2.269,unstable
3,78.59,-2,0,0,0.375,12,15,0.072,neutral
1,48.2,-58,1,0,0.573,-42,-71,0.422,unstable
4,75.33,-1,2,0,0.24,26,29,-0.415,neutral
3,25.63,-28,0,0,-0.209,-38,-50,2.204,unstable
2,8.61,-44,1,0,0.588,-24,-39,-3.052,stable
1,92.9,-1,2,0,0.24,26,29,-0.165,neutral
2,66.34,-1,1,0,0.208,5,6,-0.71,neutral
4,37.84,-42,0,0,-0.327,-57,-73,1.534,neutral
4,72.18,-1,1,0,0.208,5,6,-0.491,neutral
2,8.61,48,1,1,0.852,50,81,-6.271,stable
4,72.93,29,1,0,-0.542,30,50,-0.714,unstable
3,7.45,-57,0,0,0.365,-47,-77,0.291,neutral
3,58.58,71,0,0,-0.25,66,134,-0.264,neutral
1,14.4,-34,0,-1,-0.057,-11,-38,2.657,unstable
3,93.59,-26,0.5,0,0.637,-23,-34,2.138,unstable
3,51.51,-57,0,0,0.365,-47,-77,0.754,neutral
4,102.53,14,1,0,0.047,39,54,0.036,neutral
2,0,-4,0.5,0,0.145,19,13,-0.2,neutral
1,66.98,-30,0,0,0.142,-25,-70,0.603,neutral
1,23.89,14,0,0,0.115,19,57,0.484,neutral
2,0.16,15,1,0,-0.66,11,30,6.106,unstable
4,0.94,14,-1,0,-0.422,-2,4,4.459,unstable
3,0.25,14,0,0,0.115,19,57,2.735,unstable
3,27.92,-32,0.5,0,-0.064,-19,-37,-1.855,neutral
2,2.36,-28,1,0,0.331,-18,-26,-0.021,unstable
2,17.19,-34,0,-1,-0.057,-11,-38,1.433,unstable
3,28.48,28,-1,0,-0.407,16,36,0.697,neutral
2,58.54,-2,0,0,0.375,12,15,0.046,neutral
2,0.45,-14,0,0,-0.115,-19,-57,0.186,unstable
1,0,-39,0,-0.5,0.122,-28,-42,1.785,unstable
4,84.15,23,0.5,0.5,-0.071,22,38,-0.454,neutral
2,8.61,41,2,0,-0.028,57,90,-0.714,stable
1,10.91,-76,0,-1,-0.384,-68,-108,3.738,unstable
1,50.72,-1,1,0,0.208,5,6,-0.07,neutral
3,28.48,-30,0,0,0.166,-26,-35,0.524,unstable
4,75.33,-1,1,0,0.208,5,6,-0.882,neutral
3,56.4,-50,-0.5,-0.5,0.194,-45,-71,2.613,unstable
1,0,-30,0,0,0.166,-26,-35,1.164,unstable
4,56.62,-106,0,-1,-0.379,-93,-177,5.539,unstable
2,0.54,-14,0,0,-0.118,-19,-23,0.706,neutral
1,56.84,-1,1,0,0.208,5,6,-0.012,neutral
3,84.16,-16,0,0,-0.232,-34,-32,-0.185,unstable
3,41.94,0,1,0,0.032,21,23,1.621,neutral
2,86.66,-58,1,0,0.573,-42,-71,0.236,neutral
2,44.88,-16,1,0,0.9,15,-1,-1.483,stable
2,7.94,14,0,0,0.118,19,23,5.206,unstable
1,65.83,-58,1,0,0.573,-42,-71,0.698,neutral
2,8.61,14,0,0,0.015,18,32,-0.859,neutral
3,72.6,16,0,0,-0.257,6,13,0.664,neutral
2,49.51,-12,0,0,-0.493,-31,-38,1.319,unstable
2,32.05,-1,2,0,0.24,26,29,0.046,neutral
3,81.45,99,1,0,-0.501,100,186,0.657,neutral
3,51.44,-28,0,0,0.283,-13,-29,0.054,neutral
3,51.77,-44,0,0,0.051,-45,-92,0.825,unstable
2,58.05,-42,0,0,-0.327,-57,-73,1.731,unstable
2,0,-16,0.5,0,-0.321,-13,-24,-1.167,unstable
1,0.43,12,0,0,0.466,32,37,-4.564,neutral
2,34.35,-14,0,0,-0.118,-19,-20,0.301,stable
2,3.89,-44,0,0,0.051,-45,-92,3.38,unstable
2,79,-40,0,0,-0.21,-42,-95,1.416,unstable
1,41.21,-1,2,0,0.24,26,29,-1.298,neutral
2,30.45,2,0,0,-0.375,-12,-15,1.306,unstable
2,34.42,-12,0.5,0,0.652,-5,-2,2.213,unstable
1,27.5,16,0,0,-0.257,6,13,-0.729,neutral
1,13.7,39,0,0.5,-0.122,28,42,-0.727,neutral
2,49.51,-14,0,0,-0.118,-19,-23,0.486,unstable
4,37.84,-56,0,0,-0.442,-76,-130,2.839,neutral
3,0,2,0,0,-0.375,-12,-15,3.164,unstable
1,10.7,73,0,1.5,-0.065,39,77,2.536,unstable
4,87.44,-44,1,0,0.588,-24,-39,0.535,neutral
3,7.1,-42,0,0,-0.327,-57,-70,0.949,unstable
4,23.09,-80,-0.5,-0.5,0.336,-70,-141,0.132,stable
1,10.7,16,-1,0,-0.9,-15,-2,3.445,unstable
2,40.7,-14,0,0,-0.118,-19,-23,1.502,neutral
1,36.99,-2,0,0,0.375,12,15,-1.068,neutral
3,26.86,-39,0,-0.5,0.122,-28,-42,3.341,unstable
1,43.53,-42,0,0,-0.327,-57,-70,2.86,unstable
4,36.26,-16,0,0,0.257,-6,-13,-0.535,neutral
3,13.67,-85,-1,0,0.616,-81,-129,0.966,unstable
1,23.19,-14,0,0,-0.118,-19,-23,0.434,neutral
3,28.35,1,-1,0,-0.208,-5,-7,1.421,unstable
4,87.44,13,1,0,0.223,23,38,-0.588,stable
2,2.36,-1,1,0,0.208,5,7,-0.086,unstable
4,59.42,-1,2,0,0.24,26,29,-0.05,neutral
1,54.2,-44,1,0,0.588,-24,-39,0.568,neutral
3,65.72,14,0,0,0.015,18,32,0.038,neutral
2,0.16,43,1,0,-0.943,24,59,8.185,unstable
2,0,14,0,0,0.115,19,57,1.774,neutral
1,71.42,-16,0,0,0.257,-6,-13,0.146,neutral
2,0,42,0,0,0.324,57,107,8.545,neutral
1,9.92,-10,0.5,-0.5,-0.835,-17,-24,1.37,unstable
3,10.02,-28,0,0,-0.209,-38,-50,2.036,unstable
3,28.48,13,0,0,-0.214,3,11,0.906,unstable
3,73.29,-40,0,0,-0.21,-42,-95,0.41,unstable
2,4.92,0,0,0,0,0,3,1.549,unstable
2,0.4,8,1.5,0.5,0.122,9,13,-3.482,neutral
4,87.44,-2,1,0,0.915,33,31,-0.037,neutral
2,0,10,0.5,0,0.263,38,33,4.997,unstable
3,60.36,9,0.5,0.5,-0.086,4,7,0.43,neutral
3,24.79,2,0,0,-0.375,-12,-15,1.031,neutral
3,76.23,-48,-1,-1,-0.852,-50,-81,0.596,stable
1,0,42,0,0,0.327,57,73,5.124,stable
2,8.61,13,2,0,0.255,44,61,-2.42,stable
1,10.07,-16,0,0,0.257,-6,-13,-1.272,neutral
1,63.48,-58,1,0,0.573,-42,-71,-0.383,neutral
3,43.05,-34,-1,-0.5,0.515,-32,-47,4.491,neutral
2,0,34,0,1,0.057,11,38,-2.407,neutral
2,43.15,50,0,1,-0.063,17,50,-1.045,stable
2,10.21,-42,0,0,-0.324,-57,-107,1.488,unstable
2,4.92,-14,0,0,-0.118,-19,-20,3.435,unstable
4,87.44,-16,1,0,0.797,14,11,2.834,neutral
1,83.76,57,1,0,-0.333,68,100,-0.187,neutral
3,0,16,0,0,-0.257,6,13,-0.395,unstable
1,50.69,-24,-0.5,-0.5,0.778,6,-14,-0.236,stable
3,80.36,-57,-1,0,0.333,-68,-100,0.611,neutral
3,22.87,58,-1,0,-0.473,43,96,5.494,unstable
3,51.77,-14,0,0,-0.091,-20,-22,-0.101,neutral
3,22.34,-42,0,0,-0.327,-57,-70,5.194,unstable
2,0,-32,0.5,0,-0.064,-19,-37,-1.73,neutral
2,13.9,-106,0,-1,-0.379,-93,-177,8.957,unstable
2,11.58,-14,0,0,-0.118,-19,-20,1.328,neutral
4,54.49,-58,1,0,0.573,-42,-71,1.494,neutral
3,15.81,-69,-1,0,0.359,-75,-116,2.193,unstable
1,11.58,-28,0,0,-0.209,-38,-50,2.756,unstable
2,15.46,-85,-1,0,0.616,-81,-129,0.839,unstable
1,50.81,64,0,1,0.055,36,70,-0.412,unstable
4,95.37,-99,-1,0,0.501,-100,-186,0.373,neutral
3,7.1,-56,0,0,-0.442,-76,-127,4.597,unstable
1,75.2,-44,0,0,0.051,-45,-92,1.716,unstable
3,43.58,-85,-1,0,0.616,-81,-129,0.343,neutral
2,38.54,-66,-0.5,-0.5,0.451,-51,-84,0.514,neutral
1,4.38,-71,-1,0,0.218,-87,-157,5.743,unstable
1,0.13,14,0,0,0.118,19,23,-0.811,neutral
1,55.08,28,0,0,0.209,38,50,-0.426,unstable
3,76.53,-26,0,0,-0.095,-23,-38,1.324,neutral
3,56.4,-23,-0.5,-0.5,0.071,-22,-38,1.178,unstable
2,36.11,4,-0.5,0,-0.145,-19,-13,2.378,unstable
1,27.62,-44,1,0,0.588,-24,-39,0.534,neutral
2,36.97,-42,0,0,-0.327,-57,-73,2.169,unstable
2,0.4,-72,1,0,0.458,-61,-128,2.658,neutral
2,3.96,-43,0,0,0.38,-29,-46,1.617,unstable
1,62.72,-60,0,0,-0.122,-57,-93,0.906,unstable
3,0,-56,0,0,-0.442,-76,-127,3.083,unstable
1,11.58,2,0,0,-0.375,-12,-15,2.795,unstable
1,0.25,-18,0,0,0.205,0,-20,3.164,unstable
3,48.92,30,0,0,-0.142,25,70,4.678,unstable
3,4.4,-16,0,0,0.12,-6,-12,0.564,unstable
2,22.53,69,1,0,-0.359,75,116,0.007,stable
4,63.2,-57,-1,0,0.333,-68,-100,-0.188,neutral
3,41.17,-14,0,0,-0.091,-20,-22,0.273,neutral
1,74.41,-85,-1,0,0.616,-81,-129,0.774,neutral
2,0,-34,0,-1,-0.057,-11,-38,3.331,unstable
2,42.15,3,-1,0,0.455,-11,-7,-1.032,neutral
1,74.39,-43,0,0,0.38,-29,-46,0.325,neutral
1,43.9,-71,-1,0,0.218,-87,-157,3.314,unstable
2,2.43,18,0,0,-0.205,0,20,2.844,unstable
2,39.42,-44,1,0,0.588,-24,-39,1.023,unstable
1,67.57,-57,-1,0,0.333,-68,-100,1.218,neutral
3,53.71,13,0,0,-0.214,3,11,0.871,unstable
2,32.27,4,-0.5,0,-0.145,-19,-13,3.996,neutral
1,0,-42,0,0,-0.327,-57,-70,1.572,unstable
3,76.23,-60,-0.5,-1,-0.2,-55,-83,1.925,stable
1,62.73,28,-1,0,-0.407,16,36,-0.187,neutral
2,38.57,-2,0,0,0.375,12,15,0.006,neutral
2,2.43,-14,0,0,-0.118,-19,-23,1.716,unstable
2,0,-12,0,0,-0.493,-31,-35,3.044,unstable
2,5.53,-28,0,0,-0.209,-38,-50,2.827,unstable
1,83.76,57,0,0,-0.365,47,77,-0.11,neutral
4,70.75,-40,0,0,-0.21,-42,-95,1.944,neutral
3,29.34,-99,-1,0,0.501,-100,-186,1.176,neutral
3,6.41,-16,0.5,0,-0.321,-13,-24,-0.17,neutral
2,13.84,-2,0,0,0.375,12,15,-0.779,neutral
1,78.16,-57,0,0,0.365,-47,-77,0.24,neutral
3,46.71,-28,0,0,-0.209,-38,-50,2.076,unstable
1,83.76,60,0,0,0.122,57,93,0.155,neutral
3,0.85,-32,0.5,0,-0.064,-19,-37,-1.631,stable
3,30.58,-18,0,0,0.205,0,-20,1.715,neutral
3,50.51,-71,-1,0,0.218,-87,-157,0.179,neutral
4,63.77,-1,1,0,0.208,5,6,-0.853,neutral
2,0,28,0.5,0,0.058,38,56,0.321,unstable
1,44.53,1,-2,0,-0.24,-26,-29,0.636,stable
2,0,99,1,0,-0.501,100,186,3.673,neutral
1,4.61,-2,0,0,0.375,12,15,-0.952,unstable
4,4.99,1,-1,0,-0.208,-5,-7,1.307,unstable
1,83.76,85,1,0,-0.616,81,129,0.125,neutral
1,18.3,-92,0,-1,-0.264,-74,-120,4.167,unstable